model_name,use_smc,lmbda,resample_freq,t_start,t_end,num_particles,potential_type,seed,div_score,IR_avg,IR_max,ave_score,bon_score,job,results_filename
runwayml/stable-diffusion-v1-5,True,10.0,20,20,80,8,max,44,0.0,0.11982253561458242,1.115134804086864,0.8371238425925926,0.8270833333333334,20241228-222551,results_148.jsonl
stabilityai/stable-diffusion-xl-base-1.0,True,10.0,20,20,80,16,max,42,0.0,0.08330435650658947,1.483441870241926,0.6709673250680565,0.6916286087828641,20241219-013359,results_93.jsonl
stabilityai/stable-diffusion-xl-base-1.0,True,10.0,20,20,80,8,max,43,0.0,0.16041443760361132,1.416813540711972,0.659940909538649,0.6726658428254172,20241222-045421,results_22.jsonl
stabilityai/stable-diffusion-xl-base-1.0,True,10.0,20,20,80,8,max,43,0.0,0.16041443760361132,1.416813540711972,0.659940909538649,0.6726658428254172,20241219-162526,results_24.jsonl
mhdang/dpo-sdxl-text2image-v1,True,10.0,20,20,80,4,max,42,0.0,0.32146189704709593,1.3838619437585729,0.6563784117773479,0.675591374740311,20241205-144854,results_36.jsonl
stabilityai/stable-diffusion-xl-base-1.0,True,10.0,20,20,80,4,max,44,0.0,0.29141035099778234,1.2723434828491258,0.6557629486352891,0.660540869689806,20241219-155235,results_30.jsonl
stabilityai/stable-diffusion-xl-base-1.0,True,10.0,20,20,80,12,diff,42,0.0,0.11261635416598484,1.4619748105798556,0.6542230594956658,0.6646818360914105,20241203-234551,results_200.jsonl
stabilityai/stable-diffusion-xl-base-1.0,True,10.0,20,20,80,8,max,42,0.0,0.15685376027854964,1.388145002437112,0.6484516709649689,0.659838724120639,20241211-072920,results_145.jsonl
stabilityai/stable-diffusion-xl-base-1.0,True,10.0,20,20,80,8,max,42,0.0,0.15685376027854964,1.388145002437112,0.6484516709649689,0.659838724120639,20241221-123335,results_169.jsonl
stabilityai/stable-diffusion-xl-base-1.0,True,10.0,20,20,80,8,max,42,0.0,0.15685376027854964,1.388145002437112,0.6484516709649689,0.659838724120639,20241219-013156,results_13.jsonl
stabilityai/stable-diffusion-2-1,True,10.0,20,20,80,16,diff,42,0.0,0.07819574200061939,1.4135415922651644,0.6436361285729637,0.641443423597679,20241208-153344,results_72.jsonl
stabilityai/stable-diffusion-2-1,True,10.0,20,20,80,16,max,44,0.0,0.0786208355385443,1.4159639417235934,0.6420493834622824,0.672288219070134,20241219-190956,results_18.jsonl
stabilityai/stable-diffusion-2-1,True,10.0,20,20,80,16,max,43,0.0,0.07876441211403461,1.4249496502670413,0.6414221447632352,0.6612563579052941,20241226-230216,results_187.jsonl
stabilityai/stable-diffusion-2-1,True,10.0,20,20,80,16,max,43,0.0,0.07876441211403461,1.4249496502670413,0.6414221447632352,0.6612563579052941,20241221-191102,results_80.jsonl
stabilityai/stable-diffusion-2-1,True,10.0,20,20,80,16,max,43,0.0,0.07876441211403461,1.4249496502670413,0.6414221447632352,0.6612563579052941,20241225-021323,results_189.jsonl
stabilityai/stable-diffusion-2-1,True,10.0,20,20,80,16,max,42,0.0,0.07920230480052437,1.4320057321467838,0.6412072632351887,0.643250143276739,20241218-212646,results_94.jsonl
stabilityai/stable-diffusion-2-1,True,10.0,20,20,80,16,max,42,0.0,0.07920230480052437,1.4320057321467838,0.6412072632351887,0.643250143276739,20241221-062520,results_11.jsonl
stabilityai/stable-diffusion-xl-base-1.0,True,10.0,20,20,80,8,diff,42,0.0,0.1532356003596183,1.3579611140227528,0.6409099863887099,0.6516286087828641,20241210-161918,results_45.jsonl
stabilityai/stable-diffusion-xl-base-1.0,True,10.0,20,20,80,8,diff,42,0.0,0.1532356003596183,1.3579611140227528,0.6409099863887099,0.6516286087828641,20241210-161901,results_166.jsonl
mhdang/dpo-sdxl-text2image-v1,True,10.0,20,20,80,4,diff,42,0.0,0.30655034330052916,1.3237530724103368,0.6399562110466367,0.635851153377749,20241205-230827,results_100.jsonl
stabilityai/stable-diffusion-xl-base-1.0,True,10.0,20,20,80,4,max,42,0.0,0.29196945114640577,1.2731741001900239,0.6332126674546887,0.6489300809513575,20241208-140817,results_156.jsonl
stabilityai/stable-diffusion-xl-base-1.0,True,10.0,20,20,80,4,max,42,0.0,0.29196945114640577,1.2731741001900239,0.6332126674546887,0.6489300809513575,20241219-010020,results_127.jsonl
stabilityai/stable-diffusion-xl-base-1.0,True,10.0,20,20,80,4,max,42,0.0,0.29196945114640577,1.2731741001900239,0.6332126674546887,0.6489300809513575,20241205-113524,results_197.jsonl
stabilityai/stable-diffusion-xl-base-1.0,True,10.0,20,20,80,3,diff,42,0.0,0.36065268954245294,1.172048887759144,0.6263816056546552,0.6230408696898059,20241205-113126,results_111.jsonl
stabilityai/stable-diffusion-xl-base-1.0,True,10.0,20,20,80,3,diff,42,0.0,0.36065268954245294,1.172048887759144,0.6263816056546552,0.6230408696898059,20241205-113133,results_140.jsonl
stabilityai/stable-diffusion-2-1,True,10.0,20,20,80,8,max,43,0.0,0.14142605537467823,1.2807333459875547,0.6236174242424243,0.6376038756357906,20241221-124236,results_174.jsonl
stabilityai/stable-diffusion-xl-base-1.0,True,10.0,20,20,80,3,max,43,0.0,0.3716198499023273,1.2157068671271285,0.6233984645509468,0.6321011533777491,20241224-185447,results_52.jsonl
stabilityai/stable-diffusion-xl-base-1.0,True,10.0,20,20,80,3,max,44,0.0,0.3678554001176138,1.2015629335244271,0.6209454772309383,0.610724443011677,20241225-012607,results_79.jsonl
stabilityai/stable-diffusion-xl-base-1.0,True,10.0,20,20,80,3,max,44,0.0,0.3678554001176138,1.2015629335244271,0.6209454772309383,0.610724443011677,20241227-035627,results_71.jsonl
stabilityai/stable-diffusion-xl-base-1.0,True,10.0,20,20,80,3,max,44,0.0,0.3678554001176138,1.2015629335244271,0.6209454772309383,0.610724443011677,20241227-020151,results_165.jsonl
stabilityai/stable-diffusion-xl-base-1.0,True,10.0,20,20,80,3,max,42,0.0,0.36773635846837194,1.1996834279251896,0.6184989373641855,0.6168378823697973,20241226-135038,results_188.jsonl
stabilityai/stable-diffusion-xl-base-1.0,True,10.0,20,20,80,3,max,42,0.0,0.36773635846837194,1.1996834279251896,0.6184989373641855,0.6168378823697973,20241226-154911,results_139.jsonl
stabilityai/stable-diffusion-xl-base-1.0,True,10.0,20,20,80,3,max,42,0.0,0.36773635846837194,1.1996834279251896,0.6184989373641855,0.6168378823697973,20241205-113526,results_158.jsonl
stabilityai/stable-diffusion-xl-base-1.0,True,10.0,20,20,80,4,max,43,0.0,0.29137011674598234,1.2727343587652793,0.6174158920767963,0.6232190701339638,20241221-185009,results_87.jsonl
stabilityai/stable-diffusion-xl-base-1.0,True,10.0,20,20,80,4,max,43,0.0,0.29137011674598234,1.2727343587652793,0.6174158920767963,0.6232190701339638,20241219-082720,results_190.jsonl
stabilityai/stable-diffusion-xl-base-1.0,True,10.0,20,20,80,3,diff,42,0.0,0.3723166750107806,1.1736714552277885,0.6162699393461805,0.622727093631349,20241204-202159,results_9.jsonl
stabilityai/stable-diffusion-2-1,True,10.0,20,20,80,4,max,42,0.0,0.24982040831111843,1.1265056366075645,0.6161234015688803,0.628917723332617,20241221-052057,results_124.jsonl
stabilityai/stable-diffusion-2-1,True,10.0,20,20,80,4,max,42,0.0,0.24982040831111843,1.1265056366075645,0.6161234015688803,0.628917723332617,20241208-140804,results_104.jsonl
stabilityai/stable-diffusion-2-1,True,10.0,20,20,80,4,max,42,0.0,0.24982040831111843,1.1265056366075645,0.6161234015688803,0.628917723332617,20241209-041638,results_134.jsonl
runwayml/stable-diffusion-v1-5,True,10.0,20,20,80,16,diff,42,0.0,0.06842771557051938,1.2585085728567829,0.6065353165968193,0.6134203739522889,20241203-233916,results_151.jsonl
stabilityai/stable-diffusion-2-1,True,10.0,20,20,80,3,max,43,0.0,0.2984325752645223,1.0140924787961003,0.6011276177854192,0.6096589118131671,20241224-153023,results_117.jsonl
stabilityai/stable-diffusion-2-1,True,10.0,20,20,80,3,max,43,0.0,0.2984325752645223,1.0140924787961003,0.6011276177854192,0.6096589118131671,20241226-123826,results_146.jsonl
runwayml/stable-diffusion-v1-5,True,10.0,20,20,80,16,max,43,0.0,0.06816102142818778,1.2775819053802686,0.5991889585124293,0.6169576079948421,20241221-151955,results_138.jsonl
runwayml/stable-diffusion-v1-5,True,10.0,20,20,80,16,max,43,0.0,0.06816102142818778,1.2775819053802686,0.5991889585124293,0.6169576079948421,20241224-194221,results_122.jsonl
runwayml/stable-diffusion-v1-5,True,10.0,20,20,80,16,max,42,0.0,0.06851957693106998,1.276562705945904,0.5979018017049932,0.6050755784798338,20241221-082448,results_76.jsonl
runwayml/stable-diffusion-v1-5,True,10.0,20,20,80,16,max,42,0.0,0.06851957693106998,1.276562705945904,0.5979018017049932,0.6050755784798338,20241208-221601,results_132.jsonl
runwayml/stable-diffusion-v1-5,True,10.0,20,20,80,16,max,42,0.0,0.06851957693106998,1.276562705945904,0.5979018017049932,0.6050755784798338,20241208-153407,results_59.jsonl
CompVis/stable-diffusion-v1-4,True,10.0,20,20,80,16,max,44,0.0,0.06995660005539199,1.2979535910146813,0.597423531637295,0.6054833798982736,20241219-124442,results_112.jsonl
CompVis/stable-diffusion-v1-4,True,10.0,20,20,80,16,max,44,0.0,0.06995660005539199,1.2979535910146813,0.597423531637295,0.6054833798982736,20241222-071423,results_10.jsonl
CompVis/stable-diffusion-v1-4,True,10.0,20,20,80,16,max,44,0.0,0.06995660005539199,1.2979535910146813,0.597423531637295,0.6054833798982736,20241227-073909,results_42.jsonl
CompVis/stable-diffusion-v1-4,True,10.0,20,20,80,16,max,44,0.0,0.06995660005539199,1.2979535910146813,0.597423531637295,0.6054833798982736,20241225-065202,results_46.jsonl
runwayml/stable-diffusion-v1-5,True,10.0,20,20,80,16,diff,42,0.0,0.06768010788675899,1.2697216661758115,0.5962189884214485,0.6038592485135038,20241208-153352,results_123.jsonl
CompVis/stable-diffusion-v1-4,True,10.0,20,20,80,16,max,43,0.0,0.06692918931019524,1.265312037660587,0.5907440540153306,0.5972900995773337,20241224-232217,results_193.jsonl
CompVis/stable-diffusion-v1-4,True,10.0,20,20,80,16,max,43,0.0,0.06692918931019524,1.265312037660587,0.5907440540153306,0.5972900995773337,20241221-234344,results_125.jsonl
CompVis/stable-diffusion-v1-4,True,10.0,20,20,80,16,max,43,0.0,0.06692918931019524,1.265312037660587,0.5907440540153306,0.5972900995773337,20241227-003651,results_84.jsonl
CompVis/stable-diffusion-v1-4,True,10.0,20,20,80,16,max,43,0.0,0.06692918931019524,1.265312037660587,0.5907440540153306,0.5972900995773337,20241219-075528,results_131.jsonl
stabilityai/stable-diffusion-2-1,True,10.0,20,20,80,3,max,44,0.0,0.29795325567536457,1.0078160478219822,0.590155395563197,0.5950419084461639,20241226-151710,results_56.jsonl
stabilityai/stable-diffusion-2-1,True,10.0,20,20,80,3,max,44,0.0,0.29795325567536457,1.0078160478219822,0.590155395563197,0.5950419084461639,20241226-151203,results_155.jsonl
stabilityai/stable-diffusion-2-1,True,10.0,20,20,80,3,max,42,0.0,0.30018455573178565,1.0112569379699408,0.5900259987582682,0.5987502686438857,20241224-124548,results_68.jsonl
stabilityai/stable-diffusion-2-1,True,10.0,20,20,80,3,max,42,0.0,0.30018455573178565,1.0112569379699408,0.5900259987582682,0.5987502686438857,20241205-113450,results_152.jsonl
stabilityai/stable-diffusion-2-1,True,10.0,20,20,80,3,max,42,0.0,0.30018455573178565,1.0112569379699408,0.5900259987582682,0.5987502686438857,20241226-100656,results_88.jsonl
stabilityai/stable-diffusion-2-1,True,10.0,20,20,80,3,diff,42,0.0,0.3098898448792161,0.9992784564964352,0.587660141605177,0.582074736728992,20241204-202116,results_83.jsonl
stabilityai/stable-diffusion-2-1,True,10.0,20,20,80,3,diff,42,0.0,0.2888803421137084,0.977160030041247,0.5871903132984694,0.5848097105809872,20241205-113108,results_118.jsonl
stabilityai/stable-diffusion-2-1,True,10.0,20,20,80,4,max,44,0.0,0.2484580559932221,1.1109852031674101,0.5841662637008381,0.5870020237839387,20241221-120413,results_38.jsonl
runwayml/stable-diffusion-v1-5,True,10.0,20,20,80,8,max,43,0.0,0.11947835738110486,1.1174670547390295,0.5841577230639731,0.5967085751128304,20241221-114948,results_58.jsonl
runwayml/stable-diffusion-v1-5,True,10.0,20,20,80,16,max,44,0.0,0.06802718658608622,1.2818649810933378,0.581281750349237,0.6114487964753922,20241227-032952,results_115.jsonl
runwayml/stable-diffusion-v1-5,True,10.0,20,20,80,16,max,44,0.0,0.06802718658608622,1.2818649810933378,0.581281750349237,0.6114487964753922,20241225-025820,results_121.jsonl
runwayml/stable-diffusion-v1-5,True,10.0,20,20,80,16,max,44,0.0,0.06802718658608622,1.2818649810933378,0.581281750349237,0.6114487964753922,20241219-102241,results_181.jsonl
runwayml/stable-diffusion-v1-5,True,10.0,20,20,80,16,max,44,0.0,0.06802718658608622,1.2818649810933378,0.581281750349237,0.6114487964753922,20241221-222055,results_50.jsonl
CompVis/stable-diffusion-v1-4,True,10.0,20,20,80,16,max,42,0.0,0.06658358214821777,1.2564433883323214,0.5789174546887313,0.5998459775055519,20241221-164711,results_144.jsonl
CompVis/stable-diffusion-v1-4,True,10.0,20,20,80,16,max,42,0.0,0.06658358214821777,1.2564433883323214,0.5789174546887313,0.5998459775055519,20241224-161843,results_157.jsonl
CompVis/stable-diffusion-v1-4,True,10.0,20,20,80,8,max,44,0.0,0.12045490430187178,1.1324070480199122,0.5713826093380615,0.5752848520667669,20241219-072229,results_96.jsonl
CompVis/stable-diffusion-v1-4,True,10.0,20,20,80,8,max,44,0.0,0.12045490430187178,1.1324070480199122,0.5713826093380615,0.5752848520667669,20241221-223355,results_5.jsonl
CompVis/stable-diffusion-v1-4,True,10.0,20,20,80,8,max,42,0.0,0.11764748772954868,1.1059798399495064,0.5690932597249087,0.5886686904506053,20241219-021926,results_185.jsonl
stabilityai/stable-diffusion-xl-base-1.0,True,10.0,20,20,80,2,max,43,0.0,0.35011446706371324,1.032749595276331,0.5678720717816462,0.6163910380399743,20241224-164719,results_130.jsonl
stabilityai/stable-diffusion-xl-base-1.0,True,10.0,20,20,80,2,max,43,0.0,0.35011446706371324,1.032749595276331,0.5678720717816462,0.6163910380399743,20241221-142832,results_54.jsonl
stabilityai/stable-diffusion-xl-base-1.0,True,10.0,20,20,80,2,max,43,0.0,0.35011446706371324,1.032749595276331,0.5678720717816462,0.6163910380399743,20241226-175528,results_31.jsonl
CompVis/stable-diffusion-v1-4,True,10.0,20,20,80,8,max,43,0.0,0.10977343988316858,1.0446577733719409,0.5644241170570957,0.5800250734293287,20241221-190412,results_142.jsonl
CompVis/stable-diffusion-v1-4,True,10.0,20,20,80,8,max,43,0.0,0.10977343988316858,1.0446577733719409,0.5644241170570957,0.5800250734293287,20241219-045204,results_106.jsonl
stabilityai/stable-diffusion-xl-base-1.0,True,10.0,20,20,80,2,max,42,0.0,0.3680517794581208,1.037898146835363,0.5638800684146429,0.6168715524034674,20241224-124611,results_78.jsonl
stabilityai/stable-diffusion-xl-base-1.0,True,10.0,20,20,80,2,max,42,0.0,0.3680517794581208,1.037898146835363,0.5638800684146429,0.6168715524034674,20241221-100703,results_7.jsonl
stabilityai/stable-diffusion-xl-base-1.0,True,10.0,20,20,80,2,max,42,0.0,0.3680517794581208,1.037898146835363,0.5638800684146429,0.6168715524034674,20241226-134916,results_168.jsonl
stabilityai/stable-diffusion-xl-base-1.0,True,10.0,20,20,80,2,max,42,0.0,0.3680517794581208,1.037898146835363,0.5638800684146429,0.6168715524034674,20241219-014610,results_126.jsonl
stabilityai/stable-diffusion-xl-base-1.0,True,10.0,20,20,80,2,max,44,0.0,0.36812249196450786,1.0496828566548695,0.5623180385414428,0.5944017300666237,20241224-204753,results_14.jsonl
stabilityai/stable-diffusion-xl-base-1.0,True,10.0,20,20,80,2,max,44,0.0,0.36812249196450786,1.0496828566548695,0.5623180385414428,0.5944017300666237,20241226-220119,results_184.jsonl
stabilityai/stable-diffusion-xl-base-1.0,True,10.0,20,20,80,2,max,44,0.0,0.36812249196450786,1.0496828566548695,0.5623180385414428,0.5944017300666237,20241219-093224,results_110.jsonl
stabilityai/stable-diffusion-xl-base-1.0,True,10.0,20,20,80,2,max,44,0.0,0.36812249196450786,1.0496828566548695,0.5623180385414428,0.5944017300666237,20241221-185252,results_163.jsonl
mhdang/dpo-sd1.5-text2image-v1,True,10.0,20,20,80,4,max,42,0.0,0.19486986902655248,0.9145883098162072,0.5615304194426535,0.5751225911598251,20241205-123253,results_35.jsonl
runwayml/stable-diffusion-v1-5,True,10.0,20,20,80,8,max,42,0.0,0.11510571022160102,1.0865432361299154,0.5611642578264919,0.5646332115481051,20241221-081607,results_16.jsonl
runwayml/stable-diffusion-v1-5,True,10.0,20,20,80,8,max,42,0.0,0.11510571022160102,1.0865432361299154,0.5611642578264919,0.5646332115481051,20241218-232532,results_28.jsonl
runwayml/stable-diffusion-v1-5,True,10.0,20,20,80,8,max,44,0.0,0.11982253561458242,1.115134804086864,0.5609489621391216,0.5603575650118203,20241221-152438,results_51.jsonl
runwayml/stable-diffusion-v1-5,True,10.0,20,20,80,8,max,44,0.0,0.11982253561458242,1.115134804086864,0.5609489621391216,0.5603575650118203,20241219-044307,results_103.jsonl
runwayml/stable-diffusion-v1-5,True,10.0,20,20,80,4,max,43,0.0,0.17372623058524367,0.8295620047515949,0.543334743713733,0.5462884160756502,20241228-164208,results_160.jsonl
runwayml/stable-diffusion-v1-5,True,10.0,20,20,80,4,max,43,0.0,0.17372623058524367,0.8295620047515949,0.543334743713733,0.5462884160756502,20241221-084601,results_91.jsonl
CompVis/stable-diffusion-v1-4,True,10.0,20,20,80,4,max,42,0.0,0.16996365636721872,0.8153600805063494,0.5404732609785802,0.5492219177591519,20241221-144040,results_105.jsonl
runwayml/stable-diffusion-v1-5,True,10.0,20,20,80,4,max,42,0.0,0.17506612838746113,0.8340604414588269,0.5400559003152089,0.5463725911598253,20241218-212817,results_61.jsonl
runwayml/stable-diffusion-v1-5,True,10.0,20,20,80,4,max,42,0.0,0.17506612838746113,0.8340604414588269,0.5400559003152089,0.5463725911598253,20241228-120937,results_53.jsonl
runwayml/stable-diffusion-v1-5,True,10.0,20,20,80,4,max,42,0.0,0.17506612838746113,0.8340604414588269,0.5400559003152089,0.5463725911598253,20241208-140800,results_86.jsonl
CompVis/stable-diffusion-v1-4,True,10.0,20,20,80,4,max,44,0.0,0.17485407824926147,0.839447035340535,0.5387259339852425,0.5592050827423168,20241221-185551,results_159.jsonl
runwayml/stable-diffusion-v1-5,True,10.0,20,20,80,4,max,44,0.0,0.1662644920095963,0.8023436175870657,0.537811694068343,0.5353150297299233,20241228-191810,results_116.jsonl
runwayml/stable-diffusion-v1-5,True,10.0,20,20,80,4,max,44,0.0,0.1662644920095963,0.8023436175870657,0.537811694068343,0.5353150297299233,20241221-103804,results_149.jsonl
CompVis/stable-diffusion-v1-4,True,10.0,20,20,80,4,max,43,0.0,0.17199447654039476,0.8260196594363095,0.5352341903073286,0.5412432839028584,20241219-033422,results_109.jsonl
CompVis/stable-diffusion-v1-4,True,10.0,20,20,80,4,max,43,0.0,0.17199447654039476,0.8260196594363095,0.5352341903073286,0.5412432839028584,20241221-165933,results_81.jsonl
runwayml/stable-diffusion-v1-5,True,10.0,20,20,80,3,max,42,0.0,0.18538833194014556,0.6827379380189434,0.5269908899873439,0.5384107923203668,20241224-124604,results_164.jsonl
runwayml/stable-diffusion-v1-5,True,10.0,20,20,80,3,max,42,0.0,0.18538833194014556,0.6827379380189434,0.5269908899873439,0.5384107923203668,20241226-125348,results_85.jsonl
runwayml/stable-diffusion-v1-5,True,10.0,20,20,80,3,max,42,0.0,0.18538833194014556,0.6827379380189434,0.5269908899873439,0.5384107923203668,20241226-134240,results_62.jsonl
runwayml/stable-diffusion-v1-5,True,10.0,20,20,80,3,max,42,0.0,0.18538833194014556,0.6827379380189434,0.5269908899873439,0.5384107923203668,20241208-140802,results_95.jsonl
CompVis/stable-diffusion-v1-4,True,10.0,20,20,80,3,diff,42,0.0,0.16623165431859632,0.623900249149459,0.5248978257754854,0.5376244716670248,20241205-113111,results_73.jsonl
runwayml/stable-diffusion-v1-5,True,10.0,20,20,80,3,max,43,0.0,0.20188766008107112,0.7221200719705629,0.5242000979057716,0.5220712443584784,20241226-143033,results_67.jsonl
runwayml/stable-diffusion-v1-5,True,10.0,20,20,80,3,max,43,0.0,0.20188766008107112,0.7221200719705629,0.5242000979057716,0.5220712443584784,20241224-141545,results_179.jsonl
runwayml/stable-diffusion-v1-5,True,10.0,20,20,80,3,max,43,0.0,0.20188766008107112,0.7221200719705629,0.5242000979057716,0.5220712443584784,20241226-151320,results_34.jsonl
CompVis/stable-diffusion-v1-4,True,10.0,20,20,80,3,max,44,0.0,0.1811982526372604,0.6709914939009852,0.5227967917950187,0.5329010853212981,20241224-155139,results_74.jsonl
stabilityai/stable-diffusion-2-1,True,10.0,20,20,80,2,max,43,0.0,0.17504077314299818,0.764711500660838,0.5199578676839315,0.5723345153664302,20241226-115706,results_90.jsonl
stabilityai/stable-diffusion-2-1,True,10.0,20,20,80,2,max,43,0.0,0.17504077314299818,0.764711500660838,0.5199578676839315,0.5723345153664302,20241218-230017,results_77.jsonl
runwayml/stable-diffusion-v1-5,True,10.0,20,20,80,3,max,44,0.0,0.205559184003426,0.7348782923746228,0.5181570133963751,0.5376670069489219,20241224-154452,results_192.jsonl
runwayml/stable-diffusion-v1-5,True,10.0,20,20,80,3,max,44,0.0,0.205559184003426,0.7348782923746228,0.5181570133963751,0.5376670069489219,20241226-160737,results_82.jsonl
stabilityai/stable-diffusion-2-1,True,10.0,20,20,80,2,max,44,0.0,0.1887903370832179,0.7707760799955574,0.5146435991116842,0.5684701626190988,20241219-003817,results_180.jsonl
stabilityai/stable-diffusion-2-1,True,10.0,20,20,80,2,max,44,0.0,0.1887903370832179,0.7707760799955574,0.5146435991116842,0.5684701626190988,20241226-134810,results_99.jsonl
stabilityai/stable-diffusion-2-1,True,10.0,20,20,80,2,max,44,0.0,0.1887903370832179,0.7707760799955574,0.5146435991116842,0.5684701626190988,20241224-162446,results_170.jsonl
stabilityai/stable-diffusion-2-1,True,10.0,20,20,80,2,max,44,0.0,0.1887903370832179,0.7707760799955574,0.5146435991116842,0.5684701626190988,20241221-062901,results_63.jsonl
stabilityai/stable-diffusion-2-1,True,10.0,20,20,80,2,max,44,0.0,0.1887903370832179,0.7707760799955574,0.5146435991116842,0.5684701626190988,20241219-004242,results_108.jsonl
CompVis/stable-diffusion-v1-4,True,10.0,20,20,80,3,diff,42,0.0,0.20839081036354706,0.7043914057463441,0.5121481063590992,0.509894870692743,20241204-202117,results_143.jsonl
CompVis/stable-diffusion-v1-4,True,10.0,20,20,80,3,diff,42,0.0,0.20839081036354706,0.7043914057463441,0.5121481063590992,0.509894870692743,20241204-202119,results_2.jsonl
runwayml/stable-diffusion-v1-5,True,10.0,20,20,80,3,diff,42,0.0,0.19118383392408678,0.6526784023731462,0.5116288774267498,0.5086953757432481,20241204-202122,results_195.jsonl
runwayml/stable-diffusion-v1-5,True,10.0,20,20,80,3,diff,42,0.0,0.19118383392408678,0.6526784023731462,0.5116288774267498,0.5086953757432481,20241204-202123,results_120.jsonl
CompVis/stable-diffusion-v1-4,True,10.0,20,20,80,3,max,43,0.0,0.19031335910336766,0.6874058898775182,0.5030721517778255,0.5028035675908017,20241226-193138,results_133.jsonl
CompVis/stable-diffusion-v1-4,True,10.0,20,20,80,3,max,43,0.0,0.19031335910336766,0.6874058898775182,0.5030721517778255,0.5028035675908017,20241226-191227,results_113.jsonl
CompVis/stable-diffusion-v1-4,True,10.0,20,20,80,3,max,42,0.0,0.1827959518258209,0.6708228913174562,0.5024939107385916,0.5096156601475751,20241226-175221,results_57.jsonl
CompVis/stable-diffusion-v1-4,True,10.0,20,20,80,3,max,42,0.0,0.1827959518258209,0.6708228913174562,0.5024939107385916,0.5096156601475751,20241224-124746,results_41.jsonl
CompVis/stable-diffusion-v1-4,True,10.0,20,20,80,3,max,42,0.0,0.1827959518258209,0.6708228913174562,0.5024939107385916,0.5096156601475751,20241226-174505,results_37.jsonl
stabilityai/stable-diffusion-2-1,True,10.0,20,20,80,2,max,42,0.0,0.16140340082347393,0.736289335832431,0.50154210545168,0.5525384160756501,20241221-025147,results_8.jsonl
stabilityai/stable-diffusion-2-1,True,10.0,20,20,80,2,max,42,0.0,0.16140340082347393,0.736289335832431,0.50154210545168,0.5525384160756501,20241224-124533,results_17.jsonl
stabilityai/stable-diffusion-2-1,True,10.0,20,20,80,2,max,42,0.0,0.16140340082347393,0.736289335832431,0.50154210545168,0.5525384160756501,20241226-100503,results_48.jsonl
stabilityai/stable-diffusion-2-1,True,10.0,20,20,80,2,max,42,0.0,0.16140340082347393,0.736289335832431,0.50154210545168,0.5525384160756501,20241218-212709,results_153.jsonl
stabilityai/stable-diffusion-2-1,True,10.0,20,20,80,2,max,42,0.0,0.16140340082347393,0.736289335832431,0.50154210545168,0.5525384160756501,20241218-212603,results_23.jsonl
runwayml/stable-diffusion-v1-5,True,10.0,20,20,80,2,max,42,0.0,-0.020441673595835513,0.3653006842150437,0.4564725714592736,0.4929179203381331,20241219-004018,results_183.jsonl
runwayml/stable-diffusion-v1-5,True,10.0,20,20,80,2,max,42,0.0,-0.020441673595835513,0.3653006842150437,0.4564725714592736,0.4929179203381331,20241221-064407,results_47.jsonl
CompVis/stable-diffusion-v1-4,True,10.0,20,20,80,2,max,44,0.0,-0.0025413112999504235,0.3922899242458532,0.45119958449745684,0.49342601547388787,20241224-150829,results_66.jsonl
CompVis/stable-diffusion-v1-4,True,10.0,20,20,80,2,max,44,0.0,-0.0025413112999504235,0.3922899242458532,0.45119958449745684,0.49342601547388787,20241221-154302,results_12.jsonl
CompVis/stable-diffusion-v1-4,True,10.0,20,20,80,2,max,44,0.0,-0.0025413112999504235,0.3922899242458532,0.45119958449745684,0.49342601547388787,20241226-184519,results_39.jsonl
CompVis/stable-diffusion-v1-4,True,10.0,20,20,80,2,max,44,0.0,-0.0025413112999504235,0.3922899242458532,0.45119958449745684,0.49342601547388787,20241219-075422,results_198.jsonl
runwayml/stable-diffusion-v1-5,True,10.0,20,20,80,2,max,44,0.0,-0.009057770899175303,0.39277038432213107,0.44830105129307257,0.5034543126298446,20241226-144656,results_128.jsonl
runwayml/stable-diffusion-v1-5,True,10.0,20,20,80,2,max,44,0.0,-0.009057770899175303,0.39277038432213107,0.44830105129307257,0.5034543126298446,20241219-021437,results_65.jsonl
runwayml/stable-diffusion-v1-5,True,10.0,20,20,80,2,max,44,0.0,-0.009057770899175303,0.39277038432213107,0.44830105129307257,0.5034543126298446,20241221-085752,results_119.jsonl
CompVis/stable-diffusion-v1-4,True,10.0,20,20,80,2,max,42,0.0,-0.013908549989144205,0.3989066129140253,0.44267734973851997,0.508138656064188,20241221-133415,results_92.jsonl
CompVis/stable-diffusion-v1-4,True,10.0,20,20,80,2,max,42,0.0,-0.013908549989144205,0.3989066129140253,0.44267734973851997,0.508138656064188,20241226-163808,results_162.jsonl
CompVis/stable-diffusion-v1-4,True,10.0,20,20,80,2,max,42,0.0,-0.013908549989144205,0.3989066129140253,0.44267734973851997,0.508138656064188,20241224-124645,results_191.jsonl
CompVis/stable-diffusion-v1-4,True,10.0,20,20,80,2,max,43,0.0,-0.01983181461287666,0.3920383139178292,0.4426396948205458,0.4993213159968479,20241221-143850,results_150.jsonl
CompVis/stable-diffusion-v1-4,True,10.0,20,20,80,2,max,43,0.0,-0.01983181461287666,0.3920383139178292,0.4426396948205458,0.4993213159968479,20241224-135739,results_19.jsonl
CompVis/stable-diffusion-v1-4,True,10.0,20,20,80,2,max,43,0.0,-0.01983181461287666,0.3920383139178292,0.4426396948205458,0.4993213159968479,20241219-070730,results_26.jsonl
runwayml/stable-diffusion-v1-5,True,10.0,20,20,80,2,max,43,0.0,-0.020597652910246934,0.3892690375270229,0.43457455763306824,0.5121572999498532,20241226-134549,results_196.jsonl
runwayml/stable-diffusion-v1-5,True,10.0,20,20,80,2,max,43,0.0,-0.020597652910246934,0.3892690375270229,0.43457455763306824,0.5121572999498532,20241219-012748,results_107.jsonl
